CustomerID,CustomerName,CustomerPhone,CustomerEmail
OQA-AAT-676,Aaron Cromley,763-770-2088,Aarley123@email.com
JZS-OIC-649,Abigail Struis,242-657-7551,Abiuis123@email.com
QAK-YEA-563,Adah Adamczewski,895-846-9322,Adaski123@email.com
MIU-EAB-066,Adaline Reichartz,667-579-9159,Adartz123@email.com
OAT-AKG-059,Adamo Rumens,651-714-3520,Adaens123@email.com
XUE-HZE-220,Adelheid Casolla,825-534-6471,Adella123@email.com
JKH-WTF-181,Adham Heyns,696-691-1587,Adhyns123@email.com
BJR-SMU-876,Adlai Arnull,931-602-7169,Adlull123@email.com
COW-EJG-563,Adria Heller,625-778-8024,Adrler123@email.com
YHW-QKC-196,Adria Koubu,421-299-8002,Adrubu123@email.com
BIF-HLA-780,Adrianne Freeland,116-532-4977,Adrand123@email.com
UWB-RJE-925,Ag Gasking,612-685-2932,Aging123@email.com
BSV-UPS-824,Agnes Acey,603-422-3030,Agncey123@email.com
RTR-MGM-131,Agretha Dutteridge,124-225-4172,Agrdge123@email.com
YZK-TZI-190,Aime Ferry,120-795-2559,Aimrry123@email.com
GJC-EIF-576,Ainslee Feighney,320-950-8258,Ainney123@email.com
DLN-LYI-063,Alan Paskell,453-818-6372,Alaell123@email.com
XAR-OXG-316,Alard Briat,703-175-7184,Alaiat123@email.com
MDB-HZI-019,Alaric Thaw,852-900-9649,Alahaw123@email.com
XWS-GGI-593,Alberik Fancy,484-998-6582,Albncy123@email.com
MKU-WFF-818,Alberik Rowcastle,714-602-1319,Albtle123@email.com
WEK-OPP-928,Aldin Purrier,874-930-3820,Aldier123@email.com
HPR-TKB-502,Aldric Jerman,995-960-2742,Aldman123@email.com
NGM-AOG-870,Aldrich Phythien,146-205-2302,Aldien123@email.com
WOS-ALX-687,Alena Geratasch,177-269-6678,Alesch123@email.com
DBW-CQB-223,Alexandr McGill,311-691-3994,Aleill123@email.com
RJT-MOE-483,Alexandros Brookfield,288-394-2756,Aleeld123@email.com
ZWC-VLZ-750,Alexia Candelin,543-903-3289,Alelin123@email.com
WZC-OVZ-700,Alfreda Chasmer,739-421-3172,Alfmer123@email.com
QJB-LIR-083,Ali Einchcombe,890-334-3340,Alimbe123@email.com
PWW-OCR-554,Alida Dumphy,819-733-3766,Aliphy123@email.com
IRZ-NUA-217,Alisander Cornelisse,354-904-4137,Alisse123@email.com
MYA-YOP-091,Alisander Shoebottom,767-311-1732,Alitom123@email.com
HTP-ENA-719,Alison Jamieson,292-910-2322,Alison123@email.com
TKQ-ORZ-856,Alister Stronack,458-706-3122,Aliack123@email.com
QZD-PLK-726,Alli Cunney,421-836-7237,Allney123@email.com
SWX-ZHH-111,Allie Turbard,425-953-1764,Allard123@email.com
FWQ-IDI-292,Ally McBrearty,958-731-6042,Allrty123@email.com
UJG-VCW-274,Allyce Berthon,191-364-2594,Allhon123@email.com
WGR-CYZ-431,Allyce Mantione,990-451-4897,Allone123@email.com
CFN-KCH-354,Allyn Gurnay,710-503-7186,Allnay123@email.com
XCR-UJB-386,Almeta Laird-Craig,391-102-3063,Almaig123@email.com
YPI-NZO-577,Althea Jaggli,702-997-3406,Altgli123@email.com
TMA-HXV-687,Aluin McUre,354-115-9423,AluUre123@email.com
DFG-XTJ-291,Alvan Winspare,868-683-1418,Alvare123@email.com
KTH-OIW-984,Alyse Pimlett,117-814-7346,Alyett123@email.com
LSP-IZD-270,Amaleta Brattan,487-556-9935,Amatan123@email.com
TOG-DMY-487,Amandi McConaghy,926-692-5961,Amaghy123@email.com
YVP-GNW-721,Amandie Rohmer,760-206-7455,Amamer123@email.com
JFO-BQC-870,Amye Limbert,299-225-8607,Amyert123@email.com
BVX-UTT-500,Anabelle Dominelli,473-912-9622,Analli123@email.com
MTX-FTR-906,Anastasia Baudy,353-886-9879,Anaudy123@email.com
KHD-HOY-164,Anastasie Jahnisch,836-590-4752,Anasch123@email.com
SKW-DGE-205,Anatole Desforges,931-566-3579,Anages123@email.com
LKB-PZT-452,Anders Stowe,862-499-4286,Andowe123@email.com
CTO-VUZ-358,Andonis Rawling,179-362-5584,Anding123@email.com
BKE-ZDE-369,Andrej Wolfindale,247-419-2743,Andale123@email.com
RGH-ZMD-331,Angel Veschambre,901-650-5503,Angbre123@email.com
RGQ-ZEJ-464,Anjela Shobrook,603-539-5564,Anjook123@email.com
PFT-OFI-511,Anna-diane Kopps,750-473-3617,Annpps123@email.com
MIC-FVJ-599,Annaliese Brunsden,185-488-3386,Annden123@email.com
XAT-DWK-135,Annaliese Cowill,530-622-6769,Annill123@email.com
SUU-IZY-028,Anna-maria Neilan,469-851-5982,Annlan123@email.com
TND-PGR-385,Annamarie Taylot,200-489-3680,Annlot123@email.com
CLE-RRO-998,Annice Maxworthy,300-899-1534,Annthy123@email.com
DSP-PJX-273,Annmarie Bountiff,245-507-2580,Anniff123@email.com
XWP-GLS-430,Anny Pattemore,929-761-4396,Annore123@email.com
WKT-NZT-964,Ansell Lethlay,772-754-5067,Anslay123@email.com
NOI-CYH-268,Antonella Ochterlony,509-587-5089,Antony123@email.com
ZVA-VGF-326,Antonino McMains,588-644-4392,Antins123@email.com
QNV-TTA-833,Ara McWard,701-250-2878,Araard123@email.com
YYT-OQT-662,Araldo Bramhall,425-942-4596,Araall123@email.com
RTU-EGR-424,Araldo Gutman,976-144-3910,Araman123@email.com
ZWE-WOK-295,Ardene Davydenko,484-485-2959,Ardnko123@email.com
YSR-RFJ-844,Ardenia Lobb,427-139-6499,Ardobb123@email.com
QAI-TOI-593,Ariadne Copeland,204-321-1198,Ariand123@email.com
DQW-FTX-153,Ariadne McCrie,895-706-7305,Aririe123@email.com
BCS-JEN-676,Ario Meekin,940-986-9773,Arikin123@email.com
QTK-GGF-790,Arlette Magauran,512-565-6349,Arlran123@email.com
RLQ-CHV-357,Armstrong Collerd,363-745-1929,Armerd123@email.com
ZBL-ZGD-859,Arnie Jay,255-810-8578,ArnJay123@email.com
EVI-HWN-896,Artair Lant,102-295-6372,Artant123@email.com
ESG-LYJ-034,Arthur Mathewson,421-239-8251,Artson123@email.com
ZIU-KRQ-075,Ash Boise,592-882-1561,Ashise123@email.com
LAP-NBU-933,Ash Lodford,445-934-1069,Ashord123@email.com
GLJ-ZEM-478,Ashil Brogini,787-618-3015,Ashini123@email.com
FMJ-SES-846,Asia McNess,817-611-9989,Asiess123@email.com
XXX-SOY-400,Aube Francescuzzi,290-344-3322,Aubzzi123@email.com
UNO-RQV-201,Aubine Chardin,809-958-2679,Aubdin123@email.com
EQM-PIC-142,Audie Willcocks,379-854-4226,Audcks123@email.com
IYV-LUN-963,Audra Hebborn,863-387-5857,Audorn123@email.com
ZIM-IZU-964,Aurie Unthank,659-824-8993,Aurank123@email.com
NVI-NRI-789,Averell Joint,502-889-6892,Aveint123@email.com
UCV-YUD-431,Baldwin Colchett,379-660-5846,Balett123@email.com
FNZ-SMD-301,Bambie Frears,649-145-6436,Bamars123@email.com
NAU-TML-878,Barb Murfett,878-491-4839,Barett123@email.com
PZN-GPA-511,Barnabas Casson,982-540-9254,Barson123@email.com
AIZ-NPI-641,Barnabas Gerrell,249-394-7451,Barell123@email.com
CTD-PNQ-658,Basil Slarke,133-641-4521,Basrke123@email.com
WHK-QHD-611,Baxy Dunkerley,623-253-7574,Baxley123@email.com
DHY-FYW-521,Becki Bonsall,749-180-8755,Becall123@email.com
MXE-PHH-554,Belle Priver,430-164-3053,Belver123@email.com
HQO-YIZ-319,Bennett Pendered,869-862-4799,Benred123@email.com
BGV-MUO-308,Bentley Gwyneth,808-616-5566,Beneth123@email.com
YNJ-OKI-758,Ber Dillet,373-272-5947,Berlet123@email.com
EPV-MDE-358,Berenice Marples,309-502-1318,Berles123@email.com
UFN-JPT-995,Beret Behneke,131-190-4356,Bereke123@email.com
LRC-LDB-494,Berkley Petrashov,286-850-3057,Berhov123@email.com
ZNF-JTK-538,Berne Banbury,976-539-6322,Berury123@email.com
TAD-YOY-230,Berny Elcoate,205-859-5129,Berate123@email.com
CYE-WMZ-510,Berte Cornall,179-210-6134,Berall123@email.com
VJC-RHI-651,Berte Tootin,616-353-3932,Bertin123@email.com
XTM-JYX-747,Bertrand Bilton,815-829-9371,Berton123@email.com
RLY-OBS-762,Beryl Coo,650-658-6014,BerCoo123@email.com
DBK-WWQ-281,Beth Crocket,143-139-3095,Betket123@email.com
JVX-EEQ-286,Bianka McLanaghan,341-328-6072,Biahan123@email.com
OCJ-UPF-694,Bibbie Bover,467-338-4847,Bibver123@email.com
NJN-YIV-764,Biddy Spadoni,530-328-2690,Bidoni123@email.com
AQJ-ZBW-851,Blancha Trippack,106-296-2392,Blaack123@email.com
OHS-QJW-084,Bobby Blazewski,635-678-5081,Bobski123@email.com
VHN-SIL-343,Boniface Giovannilli,792-638-4769,Bonlli123@email.com
RBK-PTT-806,Bonnee Keller,803-280-9870,Bonler123@email.com
SZC-GMI-871,Boot Burree,429-943-2632,Booree123@email.com
IFK-JPQ-947,Boot Terbeck,839-334-7921,Booeck123@email.com
CLE-NVR-423,Borden Hacking,553-394-8516,Boring123@email.com
MPA-EWT-297,Braden Bartolacci,238-482-1334,Bracci123@email.com
AVQ-QBL-999,Bradford Rafe,194-942-9302,Braafe123@email.com
KPJ-RRS-239,Brandon Cocklie,908-279-1371,Bralie123@email.com
PLC-IRO-066,Bree Bleas,535-410-9204,Breeas123@email.com
LRE-BPX-253,Brendin Meedendorpe,253-360-5651,Brerpe123@email.com
AWK-PNB-572,Brit Northfield,898-746-1462,Brield123@email.com
ZME-KKB-694,Britta Barday,302-163-6305,Briday123@email.com
ISU-SDY-222,Brook Begent,460-562-1921,Broent123@email.com
TAT-URC-475,Brook Rainger,279-912-8466,Broger123@email.com
MDF-YNO-749,Brunhilda Beeze,142-262-1398,Brueze123@email.com
LSV-KHX-889,Brynn Roset,304-409-5625,Bryset123@email.com
VVE-RKQ-845,Burgess Hancill,160-983-2897,Burill123@email.com
KFP-NSA-431,Burke Jupp,948-358-6463,Burupp123@email.com
ZQF-WBF-917,Cahra Delacoste,733-893-7425,Cahste123@email.com
HNR-OJR-451,Cal Rorke,664-394-8168,Calrke123@email.com
HHB-YNG-361,Calla Lambal,755-495-5828,Calbal123@email.com
IHP-WVB-297,Callie Dunning,676-847-3083,Caling123@email.com
XXH-KHZ-727,Calvin Aucock,138-492-4336,Calock123@email.com
OBQ-ZMC-229,Camille Symmons,384-126-9506,Camons123@email.com
CDU-FYM-894,Candy Simoncelli,443-218-5319,Canlli123@email.com
OMR-EOQ-099,Carena Nucator,606-373-5295,Cartor123@email.com
WLU-KDX-551,Carleen Gyver,929-181-7582,Carver123@email.com
OHR-ANX-326,Carlin Brabon,437-131-4148,Carbon123@email.com
YTE-IRS-029,Carlye Chiswell,881-745-3018,Carell123@email.com
WKG-FTF-147,Carney Speer,925-360-3506,Career123@email.com
NEP-NJY-599,Carolan Di Giacomo,962-402-5993,Caromo123@email.com
SAP-APU-167,Carol-jean Croston,432-331-7996,Carton123@email.com
KYU-RRY-734,Carol-jean Sodory,321-900-3593,Carory123@email.com
ZCV-ZOT-431,Carree Jeffree,264-194-9180,Carree123@email.com
CGB-UEA-315,Carroll Tear,289-817-3284,Carear123@email.com
LSB-DSZ-740,Cate Pagitt,751-488-1413,Catitt123@email.com
LTY-JEX-166,Caterina Rosenzwig,304-914-7578,Catwig123@email.com
RYV-DJX-025,Caterina Sweetnam,914-870-4364,Catnam123@email.com
SCJ-PAD-240,Cathe Snar,257-109-3724,Catnar123@email.com
XIF-ROK-316,Cathee Briscam,392-665-2713,Catcam123@email.com
CHL-SQA-453,Cathleen Gooday,728-782-2007,Catday123@email.com
ZGC-YMB-614,Cecilia Swinbourne,374-913-4075,Cecrne123@email.com
OPI-JKB-493,Cele Dunster,364-801-1070,Celter123@email.com
SKX-MYZ-436,Celinda Mamwell,176-735-4811,Celell123@email.com
UAV-LLC-928,Celine Coopland,520-910-3485,Celand123@email.com
HAO-ILA-981,Celle Oller,777-814-7380,Celler123@email.com
KRM-XJV-491,Chaddy Mangeney,772-756-7751,Chaney123@email.com
BCN-SGA-457,Charil Fanton,763-711-4635,Chaton123@email.com
ICS-UEM-179,Charin Pinckard,794-345-7242,Chaard123@email.com
PAB-XBG-140,Charisse Risso,669-285-3235,Chasso123@email.com
OWW-LZU-225,Charita Bosworth,432-326-8928,Charth123@email.com
IAM-OSW-706,Charline Warriner,625-760-2788,Chaner123@email.com
HRY-DRT-995,Charline Windrus,461-546-8829,Charus123@email.com
FZV-FSG-452,Charlot Warkup,778-970-4321,Chakup123@email.com
WFQ-OKG-605,Chastity Medlar,147-752-3406,Chalar123@email.com
WVA-SEZ-847,Chauncey Barrott,757-659-5119,Chaott123@email.com
PDD-PVM-072,Chloette Pyke,842-785-3185,Chlyke123@email.com
YWR-HSA-615,Chris Gummer,868-421-6199,Chrmer123@email.com
CSX-UVD-757,Christabella Coathup,149-430-1244,Chrhup123@email.com
TAP-SQL-359,Christen Jedrachowicz,868-231-4490,Chricz123@email.com
PER-VMF-782,Christi Flute,791-126-4646,Chrute123@email.com
QUD-EGJ-560,Christian Yeld,409-572-5155,Chreld123@email.com
OYP-GKG-612,Christoforo Vagg,375-154-3091,Chragg123@email.com
ZRF-EED-131,Christoper Myrkus,503-452-3665,Chrkus123@email.com
PIO-BKF-587,Chrotoem Estevez,592-205-7178,Chrvez123@email.com
WKC-ACM-641,Chrotoem Harniman,754-576-1572,Chrman123@email.com
GPC-XEE-423,Cirillo Creamen,637-399-4701,Cirmen123@email.com
EYV-SJE-720,Cirilo Koschek,775-349-2666,Cirhek123@email.com
UIR-PTP-801,Cissiee Gobeau,670-423-2003,Ciseau123@email.com
HWX-SOF-909,Cissy Blondelle,674-202-8482,Cislle123@email.com
BYL-VRX-132,Claire Morland,281-176-4287,Claand123@email.com
XAT-QPY-685,Clarette Barreau,495-315-9913,Claeau123@email.com
GPI-RGH-784,Claybourne Costin,606-564-1546,Clatin123@email.com
IXX-JZE-684,Cleon Moreton,966-494-2362,Cleton123@email.com
NCW-ZXL-422,Clevey Garfit,808-693-4568,Clefit123@email.com
TBV-PIC-982,Clive Crammy,405-370-7118,Climmy123@email.com
FCD-LLK-057,Codee Pindar,830-269-4270,Coddar123@email.com
ARL-MSW-167,Colver McChesney,516-526-5156,Colney123@email.com
EEX-CAO-581,Constantina Mottley,690-470-6377,Conley123@email.com
EBC-RFH-349,Coralie Keenlayside,297-645-3500,Coride123@email.com
SVQ-FRY-504,Cordelia Whicher,552-730-5022,Corher123@email.com
IRN-JGB-688,Cori Percifer,311-992-4858,Corfer123@email.com
ZDE-CMF-923,Cornall Pimlock,856-609-9660,Corock123@email.com
WPV-NEF-247,Cornela LaBastida,985-197-5538,Corida123@email.com
ZCB-LSA-519,Cornelia Rowth,695-536-5169,Corwth123@email.com
KIM-WCG-455,Cornelius Harkess,910-349-3511,Coress123@email.com
TWT-UGW-375,Cristabel Nutty,274-917-2352,Critty123@email.com
KQL-WOH-930,Crysta Garratty,978-799-6717,Crytty123@email.com
WXJ-ATK-647,Cullie McBrady,103-821-5392,Culady123@email.com
AEE-ESI-813,Currie Fidell,913-571-9713,Curell123@email.com
JKT-ZRZ-369,Curry Able,691-723-5216,Curble123@email.com
HBR-LHR-779,Cyndi Ruler,216-763-3692,Cynler123@email.com
JNE-YPV-393,Cynthea O'Hickee,112-746-8789,Cynkee123@email.com
KZM-ARY-293,Cynthy Stovold,616-651-7655,Cynold123@email.com
WWM-HUH-366,Cyril Copelli,216-412-8352,Cyrlli123@email.com
CWL-UOW-302,Dacey Witherden,707-828-4503,Dacden123@email.com
EII-QEC-557,Dal Raper,599-321-9170,Dalper123@email.com
MLV-HFL-676,Dalila Baldree,397-682-9726,Dalree123@email.com
HRN-ETH-350,Damiano Yurasov,936-163-1200,Damsov123@email.com
DEN-RYT-367,Danna O'Nion,504-366-6421,Danion123@email.com
ARX-TBG-417,Dannye Passmore,932-344-3023,Danore123@email.com
HOT-KHT-630,Danyelle Butts,383-284-8099,Dantts123@email.com
MVE-ZMS-192,Darby McLae,445-317-4174,DarLae123@email.com
UVI-ZAM-999,Dareen Soutar,653-899-1829,Dartar123@email.com
KJB-MFK-049,Darla Kubacek,359-635-8511,Darcek123@email.com
BSI-CSL-594,Davita Baynham,189-335-6165,Davham123@email.com
IFE-OKE-506,Deane Benbough,450-718-4329,Deaugh123@email.com
UOG-OQU-508,Debbi Gaule,525-734-8181,Debule123@email.com
BSJ-SJR-603,Debbie Noteyoung,921-917-8189,Debung123@email.com
YEE-ZEX-678,Deck Paulat,985-689-8258,Declat123@email.com
WYK-WDO-521,Deina Agus,154-744-9782,Deigus123@email.com
CDH-OTX-284,Del Hughman,705-837-1034,Delman123@email.com
RNX-OMT-168,Delilah Ayerst,849-534-8287,Delrst123@email.com
DVX-YKT-595,Dell Hellsdon,570-415-8277,Deldon123@email.com
ZGZ-EXM-642,Delly Ventum,508-284-9675,Deltum123@email.com
SKO-PND-352,Deloria Hannen,379-203-9831,Delnen123@email.com
GCN-GLW-316,Demetris McGibbon,443-931-7287,Dembon123@email.com
SPY-VPV-581,Den Coppock.,433-122-1457,Denck.123@email.com
VOV-XFQ-640,Dene Dawby,278-871-1920,Denwby123@email.com
CDR-XRS-416,Dennie Lilloe,959-988-3759,Denloe123@email.com
NVX-TGK-545,Dennison Qusklay,281-891-5719,Denlay123@email.com
POL-MJY-478,Derry Davis,391-971-8146,Dervis123@email.com
VSN-JOW-340,Des Covet,596-928-3998,Desvet123@email.com
LAX-IPF-042,Desdemona Dobbinson,297-744-9657,Desson123@email.com
NLX-NUJ-564,Desiri Issac,953-984-7054,Dessac123@email.com
MJW-KFQ-826,Devland Pagett,936-284-7618,Devett123@email.com
XDX-TOU-476,Devonne Whal,365-166-4186,Devhal123@email.com
VKA-KVJ-400,Devonne Yanuk,359-328-3012,Devnuk123@email.com
HKD-OKS-712,Devy Hookes,993-319-3906,Devkes123@email.com
KCM-YOQ-806,Dian Collough,227-410-1488,Diaugh123@email.com
LYI-KTN-992,Dicky Van der Son,558-376-6076,DicSon123@email.com
YEI-SGN-495,Dieter Crannis,178-769-3687,Dienis123@email.com
KKY-AKX-290,Dill Beardshall,538-900-8892,Dilall123@email.com
KCQ-NJX-398,Dinny Fonzone,569-715-7557,Dinone123@email.com
ORP-TDK-141,Dniren Copperwaite,932-580-9597,Dniite123@email.com
KAR-ZXE-288,Dodi Basindale,111-548-2360,Dodale123@email.com
WAP-FFX-352,Dodi Lenglet,319-844-1933,Dodlet123@email.com
UAV-BDF-965,Doll Friary,942-238-9743,Dolary123@email.com
SPV-PJP-861,Dolorita Drayton,216-419-7644,Dolton123@email.com
CKA-UKU-246,Dominga Mc Kellen,251-314-2022,Domlen123@email.com
QKZ-ZSD-586,Dominick Crafts,480-183-8239,Domfts123@email.com
GMB-RTE-166,Donella Tomasini,348-411-1766,Donini123@email.com
EHM-XSO-616,Donni Tatem,912-122-5993,Dontem123@email.com
PST-LKS-069,Dore Coyett,695-209-3342,Dorett123@email.com
PPZ-OUF-958,Doreen Sothcott,773-780-5489,Dorott123@email.com
KES-BTG-830,Dorie Cammell,717-868-7683,Dorell123@email.com
EDU-ICX-594,Dorise Reames,955-161-9116,Dormes123@email.com
MWN-VYD-397,Doug Logg,748-488-7868,Douogg123@email.com
KFT-CQA-436,Douglas O' Cloney,265-780-5479,Douney123@email.com
HNF-BOJ-273,Dre Danher,823-786-5535,Dreher123@email.com
FTJ-ZGZ-960,Dru Priscott,716-727-5693,Druott123@email.com
XUW-WXA-500,Dulcie Lax,403-183-8652,DulLax123@email.com
EFY-WMS-679,Durand Kitt,285-894-7571,Duritt123@email.com
FCE-XQY-633,Durante Bullers,769-883-5051,Durers123@email.com
NDS-RAN-020,Dusty Yedall,533-124-3348,Dusall123@email.com
PZP-YRB-095,Dwain Eccott,112-516-6539,Dwaott123@email.com
PSA-ZUM-944,Dyanne Labbet,453-327-9020,Dyabet123@email.com
EFY-USK-197,Eba Harriagn,682-635-3235,Ebaagn123@email.com
GJI-FZR-480,Egbert Mollnar,391-861-3938,Egbnar123@email.com
BJH-RBQ-465,Egon Lawrance,841-716-8913,Egonce123@email.com
ONR-YJG-721,Eimile Matz,995-415-8057,Eimatz123@email.com
MML-OWU-900,Eleonore Stitcher,282-371-5414,Eleher123@email.com
BEM-OWC-999,Elfrieda Umbers,846-285-7956,Elfers123@email.com
GMI-MKF-428,Elisabetta Dubery,951-519-3273,Eliery123@email.com
ARU-UCJ-433,Elisabetta Jacke,281-982-2017,Elicke123@email.com
KGN-QGK-142,Elke Dumingos,578-727-9854,Elkgos123@email.com
YNC-NMF-713,Elladine Kobiela,922-535-4823,Ellela123@email.com
OCY-PIK-621,Elliott Avard,225-954-3955,Ellard123@email.com
WHV-ZSG-531,Ellis Castanares,469-157-5169,Ellres123@email.com
XGY-FLW-158,Ellis Kops,219-698-7354,Ellops123@email.com
PAC-KBH-259,Elora Eliesco,285-633-5575,Elosco123@email.com
KIA-DCS-786,Elsworth Stannas,145-851-2504,Elsnas123@email.com
WIB-ZZX-057,Elvina McGlynn,974-653-9211,Elvynn123@email.com
VQT-ISZ-797,Elvira Beverstock,833-145-3304,Elvock123@email.com
YGX-TAT-642,Ely Doodson,887-551-3520,Elyson123@email.com
PDI-FKC-553,Emelda Furbank,387-481-4950,Emeank123@email.com
KXL-YWP-183,Emera Whitewood,458-854-5384,Emeood123@email.com
GYF-OPC-528,Emilee Riddeough,814-412-4654,Emiugh123@email.com
VTC-JIU-841,Emilie Faircley,115-612-7907,Emiley123@email.com
VLD-NVR-727,Emmalynne Hairs,515-606-7813,Emmirs123@email.com
TUW-MBE-064,Emmerich Ochterlony,887-479-8440,Emmony123@email.com
TKS-IVM-477,Enid Francescuccio,689-654-1709,Enicio123@email.com
GXE-LFE-081,Ennis Dungate,290-687-4014,Ennate123@email.com
BFD-HRG-793,Enrika Marty,188-375-2657,Enrrty123@email.com
NHW-BUT-114,Enriqueta Kirwin,692-300-5139,Enrwin123@email.com
KPP-QEM-534,Ephrem Steers,733-543-9108,Ephers123@email.com
YRD-LYY-017,Erika Greensmith,523-714-9148,Eriith123@email.com
YLT-EEH-347,Erinn Vannar,865-827-4572,Erinar123@email.com
CGF-VTB-158,Ermina Kitter,116-862-1437,Ermter123@email.com
JKX-WBU-733,Ernestine Merrgen,624-114-5770,Erngen123@email.com
COG-JTV-144,Erv Padrick,139-147-4393,Ervick123@email.com
CQI-UTT-467,Esdras Scoffins,652-391-7032,Esdins123@email.com
MRV-AUK-401,Esra Mc Meekan,632-803-9812,Esrkan123@email.com
HRS-YCR-138,Essie Hagland,429-777-6797,Essand123@email.com
GTM-LMP-983,Essy Licence,229-405-2040,Essnce123@email.com
ASE-EVT-366,Estele Schultze,660-797-4680,Esttze123@email.com
NET-OWQ-461,Ethelbert Cordeux,100-906-3842,Etheux123@email.com
QLF-KFY-787,Ethelind Schnieder,774-128-6177,Ethder123@email.com
SIL-PSY-860,Eva Dulake,499-942-5003,Evaake123@email.com
LGI-JJJ-798,Evan Goldsbury,674-742-7016,Evaury123@email.com
MBT-RMJ-357,Evangeline Bernet,441-944-6875,Evanet123@email.com
TGE-CNN-732,Evelyn Serrier,946-916-3067,Eveier123@email.com
XHN-EBH-133,Everard Trasler,218-965-8782,Eveler123@email.com
EXA-UQB-243,Evvie Crossby,696-259-3143,Evvsby123@email.com
RGQ-LAH-562,Ezequiel Cunniff,666-853-6720,Ezeiff123@email.com
IPZ-JDI-453,Ezri Gouck,245-507-3739,Ezruck123@email.com
UPH-ENL-814,Fairfax Seniour,122-258-8430,Faiour123@email.com
VLF-SMW-300,Fanni Caccavella,203-474-8592,Fanlla123@email.com
RTW-KDN-700,Far Emmanuele,314-270-1417,Farele123@email.com
OLC-IML-738,Farrel Teare,324-175-9951,Farare123@email.com
EFV-CRT-575,Fawnia Bartosch,317-830-2888,Fawsch123@email.com
OQG-DNX-896,Fax Rojahn,913-670-8750,Faxahn123@email.com
MHD-QJM-200,Fayre Crocket,551-975-1581,Fayket123@email.com
WJC-SKD-558,Felice Fiddler,590-244-5586,Feller123@email.com
WEX-VGH-412,Felita Dovey,885-481-8668,Felvey123@email.com
SPB-KTR-214,Felix Ouver,660-516-5726,Felver123@email.com
FLE-TAE-472,Ferdinand Fowley,692-466-6916,Ferley123@email.com
LVD-WSS-286,Ferguson Wilcocke,757-102-5696,Fercke123@email.com
XCU-JSH-746,Ferrel Jeratt,303-920-3374,Feratt123@email.com
PTL-ELE-964,Fidelity Banham,951-728-5220,Fidham123@email.com
AKV-VAM-263,Fielding Struys,194-797-2417,Fieuys123@email.com
VDG-DOT-931,Filmer Floyd,362-601-6793,Filoyd123@email.com
DVT-VJY-734,Flem Haibel,384-135-5673,Flebel123@email.com
EDW-WCY-036,Florella McMullen,661-720-3393,Flolen123@email.com
VAU-AIA-987,Florella Reape,200-135-6101,Floape123@email.com
GPF-GIO-353,Florinda Cellier,537-331-4605,Floier123@email.com
PAW-URL-973,Flynn Magnay,593-523-9791,Flynay123@email.com
TUR-QOX-742,Forest Cole,422-320-3145,Forole123@email.com
SUW-BHI-803,Forester Buxcey,841-533-2899,Forcey123@email.com
DFG-DAP-834,Forster Pervew,232-267-1431,Forvew123@email.com
OAI-VWP-800,Francis Runciman,976-794-5424,Framan123@email.com
ZHV-MKI-949,Fred Tatersale,581-709-3922,Freale123@email.com
DQY-IUC-384,Fredelia Snedden,374-796-1198,Freden123@email.com
VZN-MAB-029,Fredi Helks,510-110-4891,Frelks123@email.com
FVL-CXL-348,Freida Nannizzi,527-894-2127,Frezzi123@email.com
YOO-CTK-064,Gabe Boyan,289-983-7449,Gabyan123@email.com
FYR-XRS-462,Gabey Macewan,997-691-9232,Gabwan123@email.com
VXC-FDM-324,Gabrielle Coxall,905-640-7701,Gaball123@email.com
MHJ-JRK-867,Gage Tocknell,495-541-6082,Gagell123@email.com
QKO-LEA-629,Gail Grigaut,933-378-1891,Gaiaut123@email.com
GDT-FPP-940,Gale Reeves,797-643-8582,Galves123@email.com
FIG-IFH-396,Galina Whaites,454-934-2626,Galtes123@email.com
MDI-AWA-196,Gallagher Benyon,254-638-8910,Galyon123@email.com
JLF-HLX-327,Gardy Neljes,525-160-9740,Garjes123@email.com
NTA-GSV-089,Garek Gearty,141-625-6384,Garrty123@email.com
JFN-KSF-782,Garvin Guerrazzi,908-364-7096,Garzzi123@email.com
EMA-ZUU-095,Gauthier Sapshed,609-261-9008,Gauhed123@email.com
YPG-CCV-856,Gavra Breslin,610-492-3794,Gavlin123@email.com
RUY-QOE-091,Gawain Willmont,157-758-4391,Gawont123@email.com
YMV-DHQ-418,Gay Skechley,446-337-8581,Gayley123@email.com
JZR-VGM-746,Gearard Rowston,411-974-6967,Geaton123@email.com
FGQ-XEY-081,Gennifer Koenen,285-922-6516,Gennen123@email.com
POC-XLZ-063,George Woodeson,551-583-2910,Geoson123@email.com
BBS-KZT-952,Georgeanna Boulton,587-303-3872,Geoton123@email.com
MCS-BFL-088,Germaine Vallack,945-261-2767,Gerack123@email.com
FGR-EXV-010,Gerta Hehir,312-647-6382,Gerhir123@email.com
BML-SMT-185,Gerta Sanday,825-325-7194,Gerday123@email.com
GTU-YYC-564,Giacopo Bramich,164-151-6061,Giaich123@email.com
LZB-NGA-174,Gianni Aistrop,620-651-8470,Giarop123@email.com
TKQ-EAV-339,Giffy Wreath,700-173-8714,Gifath123@email.com
TRA-UII-288,Gigi Trunchion,554-173-3532,Gigion123@email.com
ELM-QSS-528,Gilberta Sabberton,662-807-8568,Gilton123@email.com
UKX-AKD-158,Ginelle Finnimore,437-671-8027,Ginore123@email.com
BTS-YKP-247,Ginevra Pally,660-992-9609,Ginlly123@email.com
KRY-ANC-539,Giselle Abrahart,301-703-2522,Gisart123@email.com
SDW-YGW-385,Giustina Thorne,450-854-6593,Giurne123@email.com
RLU-NWJ-571,Giusto Sheavills,407-335-6039,Giulls123@email.com
LXP-UUN-856,Gizela Northover,253-865-9159,Gizver123@email.com
SDS-FNN-023,Gloriane Allsepp,288-505-6330,Gloepp123@email.com
NGR-FMA-278,Godfrey Jellicorse,492-117-4068,Godrse123@email.com
MPX-ZIU-078,Goldie O'Sherrin,840-515-2035,Golrin123@email.com
ESP-GAV-631,Gordan Hitscher,305-225-4437,Gorher123@email.com
RCR-MDS-153,Gordan Kneeshaw,945-490-3423,Gorhaw123@email.com
ORU-CQF-527,Gothart Domesday,922-725-7965,Gotday123@email.com
WJR-QJF-347,Gradey O'Gready,995-937-3343,Graady123@email.com
CXX-INJ-032,Graham Rumford,394-313-5124,Graord123@email.com
EOY-TSF-126,Granger Aiers,969-183-4167,Graers123@email.com
JQC-CRS-172,Granville Mallison,877-599-4259,Grason123@email.com
QSU-IQV-793,Gregg Yellowlea,417-128-2491,Grelea123@email.com
GOS-JCN-973,Grenville Bottomore,472-601-8879,Greore123@email.com
FOY-PGV-653,Grenville Hyne,432-677-8332,Greyne123@email.com
YBL-AOY-209,Grenville Penburton,811-709-5301,Greton123@email.com
YEL-NAN-934,Griz Tawse,273-157-4467,Griwse123@email.com
MLL-PIV-675,Gualterio Backshall,479-948-1507,Guaall123@email.com
YZC-XFQ-923,Gus Trower,186-358-7765,Guswer123@email.com
GBN-WMY-330,Gusella Wadeling,956-538-5556,Gusing123@email.com
VNR-HMP-908,Guthrey Juara,678-806-3223,Gutara123@email.com
YPD-BYU-311,Guthry Galpin,734-154-7322,Gutpin123@email.com
XBM-ZJR-560,Gwenora Beauchamp,528-605-6446,Gweamp123@email.com
NTM-GNI-484,Haily Izakoff,234-451-9937,Haioff123@email.com
WLV-FXQ-749,Hakeem Leadston,339-785-3336,Hakton123@email.com
HGZ-EPV-233,Hale Danilchik,876-701-3659,Halhik123@email.com
RWS-LDR-903,Halette O'Hanley,991-735-5249,Halley123@email.com
QQO-MDU-132,Hall Everil,779-361-5144,Halril123@email.com
IJS-BBM-384,Hallie Roddam,459-877-4128,Haldam123@email.com
KXP-ZFW-595,Ham Penhall,969-943-5836,Hamall123@email.com
PGY-FLU-810,Hamlen Mashro,755-637-7746,Hamhro123@email.com
CKQ-XSZ-209,Hamnet Coultas,757-555-5344,Hamtas123@email.com
NJC-UON-679,Hana Livesay,250-726-1770,Hansay123@email.com
HSN-CUY-749,Hanni Dunbleton,488-380-2698,Hanton123@email.com
BVF-DCD-997,Harlie Jindracek,263-630-7309,Harcek123@email.com
AHK-DAJ-811,Harriett O'Sirin,328-437-5271,Harrin123@email.com
SMI-YIX-003,Harriott Manby,631-523-8287,Harnby123@email.com
TFE-OJW-252,Harry Beak,188-354-8785,Hareak123@email.com
SZI-PJW-746,Haskel Bowell,238-106-5756,Hasell123@email.com
QAC-VRK-918,Haslett Jenkyn,124-994-2367,Haskyn123@email.com
CAV-OLF-726,Hastie Charopen,307-197-9868,Haspen123@email.com
YLO-NCK-845,Hebert Aubin,501-450-3567,Hebbin123@email.com
PBT-BJB-359,Hedi Chadwin,972-741-4875,Hedwin123@email.com
DYI-FIW-300,Hedi Pellington,323-709-2721,Hedton123@email.com
YCD-MPZ-405,Heida Bohden,597-833-2651,Heiden123@email.com
ILG-CNR-342,Heinrick Setchfield,458-370-3755,Heield123@email.com
NVL-NPN-386,Henrie Karolovsky,921-776-9908,Hensky123@email.com
HPQ-CLS-760,Henrie Ledward,430-481-5761,Henard123@email.com
AHM-HJR-722,Henry Reaney,259-710-9744,Henney123@email.com
EUW-OLX-397,Henryetta Kempster,990-904-2692,Henter123@email.com
RDZ-FHO-990,Henryetta Kunes,375-484-4620,Hennes123@email.com
QPU-AGE-567,Herculie Eastment,564-749-6457,Herent123@email.com
YQG-HQW-811,Hermine Dorton,110-514-2456,Herton123@email.com
LPQ-IPM-827,Hermione Crix,699-671-8865,Herrix123@email.com
HHP-DXI-532,Hermione Tire,144-127-3220,Herire123@email.com
PPN-LTF-976,Hersh Bolgar,298-995-8018,Hergar123@email.com
BGQ-LCJ-764,Herve Tunmore,200-119-1490,Herore123@email.com
OFL-CID-846,Hervey Ganning,164-917-7659,Hering123@email.com
XPM-POS-096,Hilary Pudner,502-682-1113,Hilner123@email.com
XNC-SVJ-501,Hilly Leahey,671-558-3088,Hilhey123@email.com
ONX-KKK-187,Hinda Giacopetti,830-174-8027,Hintti123@email.com
ASE-PZY-649,Horatio Codi,583-761-6288,Horodi123@email.com
AEM-FRW-320,Horatio Lundy,305-946-3457,Horndy123@email.com
YPA-GAX-859,Howie Flamank,768-260-7300,Howank123@email.com
NFS-PFM-282,Hulda Nayshe,793-947-9184,Hulshe123@email.com
CMU-MYO-403,Hurlee Dhennin,946-580-1977,Hurnin123@email.com
UIK-ATM-210,Hyacintha Hanne,885-553-7431,Hyanne123@email.com
AAU-YKV-861,Hymie Meadowcroft,973-676-8069,Hymoft123@email.com
GQY-BWC-012,Hynda Skeel,437-145-5333,Hyneel123@email.com
CHD-SIB-278,Ibrahim Jurries,623-709-6099,Ibries123@email.com
ROL-HDF-031,Ignace Cooney,979-532-2069,Ignney123@email.com
PGY-RGH-750,Igor Durrand,730-134-5643,Igoand123@email.com
HZI-RAA-992,Ilario Michie,673-727-4146,Ilahie123@email.com
NQB-OHV-753,Inez Flade,901-141-9059,Ineade123@email.com
XAA-GQX-110,Ingamar Forker,389-480-6451,Ingker123@email.com
XQJ-ABP-613,Isac Crimpe,915-823-3517,Isampe123@email.com
VXV-CHO-945,Isador Saffen,584-860-8575,Isafen123@email.com
LLC-LUS-465,Isidro Chelam,721-991-2058,Isilam123@email.com
CAU-SGN-374,Itch Merle,384-755-7529,Itcrle123@email.com
UDS-NSV-802,Ives Armstead,720-284-4912,Iveead123@email.com
CVL-NSH-460,Ives Darmody,267-609-1652,Iveody123@email.com
UZR-OQR-449,Jackelyn Jacox,904-198-6908,Jaccox123@email.com
JEP-UWZ-312,Jackie Kment,709-298-5650,Jacent123@email.com
LVA-XCW-940,Jacky Shapero,873-370-2738,Jacero123@email.com
RUP-LXP-057,Jacquetta Plampin,323-980-4055,Jacpin123@email.com
XST-NNS-149,Jacynth Clubb,924-469-2457,Jacubb123@email.com
NLT-BKQ-836,Jakie Bullan,648-126-2224,Jaklan123@email.com
HOG-TDX-910,Jameson Yaknov,772-607-6662,Jamnov123@email.com
ZLQ-YNQ-706,Janeva Buist,274-477-2177,Janist123@email.com
KXW-HFU-545,Janeva Silman,224-493-5313,Janman123@email.com
TIF-EWW-671,Janith Bowra,695-507-4026,Janwra123@email.com
UWX-RXW-019,Jard Adderson,139-680-6630,Jarson123@email.com
DIY-JGD-653,Jarib Cranke,151-434-1096,Jarnke123@email.com
SLI-CFS-088,Jaynell Alty,295-125-6418,Jaylty123@email.com
UFQ-RHX-451,Jazmin Torald,824-686-1692,Jazald123@email.com
IQN-EOK-959,Jefferson Lauderdale,516-664-3822,Jefale123@email.com
QKG-WKU-735,Jehu Dauney,402-606-4374,Jehney123@email.com
FHO-XHJ-877,Jemmy Whelan,402-600-2250,Jemlan123@email.com
PRW-MIH-478,Jenda Castellino,137-552-7454,Jenino123@email.com
YAM-ZCP-936,Jenilee Ricardou,835-991-2705,Jendou123@email.com
WLC-GNA-417,Jenn Josephoff,284-350-7663,Jenoff123@email.com
LYM-BXI-611,Jere Whitebrook,995-980-6766,Jerook123@email.com
TJS-ELH-600,Jerome Ovitts,279-539-9982,Jertts123@email.com
GOS-NLS-170,Jerrie Jiran,258-156-1678,Jerran123@email.com
RRV-UJH-417,Jerrome Drohan,661-108-6004,Jerhan123@email.com
NWH-ZEE-763,Jessalin Dimitriades,751-537-1486,Jesdes123@email.com
LHQ-EFG-002,Jesse Martelet,384-678-7578,Jeslet123@email.com
IPF-OJW-302,Jessey Doddrell,831-705-8979,Jesell123@email.com
TCZ-WXR-040,Jethro Fenwick,255-624-3371,Jetick123@email.com
KSM-MMJ-749,Jill O'Sirin,613-190-1770,Jilrin123@email.com
LBO-WWC-219,Jillayne Gaiford,426-617-8082,Jilord123@email.com
QVG-KYS-634,Jilleen Foux,591-126-7229,Jiloux123@email.com
ALD-JWP-444,Jillene Maro,373-529-8738,Jilaro123@email.com
DMB-KEC-518,Jilly Bursnoll,199-997-3078,Jiloll123@email.com
TBF-SND-026,Jo O'Nowlan,251-332-8871,Jolan123@email.com
JZS-KIH-575,Joanie Swindley,208-640-5311,Joaley123@email.com
XXN-CSU-550,Jobie Coaten,394-799-9944,Jobten123@email.com
RBC-ADW-908,Johnette Haitlie,565-380-8641,Johlie123@email.com
NKS-PAD-795,Jolee Linthead,855-483-3578,Jolead123@email.com
TCO-PAY-446,Joline Cancelier,955-332-8654,Jolier123@email.com
MJS-AWK-699,Jonell Aiton,433-982-4856,Jonton123@email.com
CVS-CGD-228,Jordan Donner,716-646-2269,Jorner123@email.com
HWL-SSA-108,Jory Glave,221-767-7221,Jorave123@email.com
MFP-JPV-430,Josephine Archer,842-163-5963,Josher123@email.com
PAE-LLF-863,Josiah Thayre,857-707-8242,Josyre123@email.com
TSC-CSJ-784,Joycelin Loghan,168-713-6099,Joyhan123@email.com
BAO-UZN-641,Joye MacHostie,502-420-8476,Joytie123@email.com
XSN-UOH-045,Jozef Godson,158-335-5791,Jozson123@email.com
GZZ-GNW-823,Julianna Jostan,679-870-1401,Jultan123@email.com
AHS-FKQ-719,Julie Brandes,131-292-3564,Juldes123@email.com
IBB-JIG-743,Julietta Legerwood,611-200-8774,Julood123@email.com
UBQ-SMA-102,Julina Di Franceschi,722-566-1181,Julchi123@email.com
XHC-VCV-398,Julius Scutchin,512-464-2388,Julhin123@email.com
EHA-FVL-588,Junie Older,152-586-5262,Junder123@email.com
NPA-FUM-346,Kaleena Philips,157-915-4113,Kalips123@email.com
DNA-EXJ-617,Kali Avis,478-975-7194,Kalvis123@email.com
TNE-KMB-361,Kalinda Grestye,750-589-3228,Kaltye123@email.com
TZP-XKI-012,Kalindi Ryman,269-577-5982,Kalman123@email.com
MAC-FZL-887,Kally Biers,898-359-6317,Kalers123@email.com
KCD-WRM-855,Kameko Cockton,976-466-7291,Kamton123@email.com
XQZ-CZV-301,Karee Colchett,412-273-6789,Karett123@email.com
PZF-PHI-935,Karel Welband,964-650-3987,Karand123@email.com
IPC-MXD-083,Karia Sonier,939-346-2604,Karier123@email.com
ZDZ-MMM-904,Kariotta Core,337-773-2362,Karore123@email.com
UCQ-EDH-427,Karissa Sancraft,920-899-1372,Karaft123@email.com
EIE-GMH-686,Karlene Whetson,918-214-1008,Karson123@email.com
NRR-VBU-168,Karoline Pocock,219-291-9686,Karock123@email.com
GCU-UJY-139,Karoly Ivie,799-172-3440,Karvie123@email.com
WIR-DSX-145,Katherine Midson,438-267-5106,Katson123@email.com
UUW-XHV-509,Kathleen Mac Giolla Pheadair,225-309-6188,Katair123@email.com
TBE-ITF-360,Kathy Fairlam,436-888-5673,Katlam123@email.com
XEA-MYL-926,Katie Betancourt,845-987-6189,Katurt123@email.com
KSK-OPM-002,Katrina Aylett,724-653-4756,Katett123@email.com
PTO-HCP-795,Katy Pine,762-693-5054,Katine123@email.com
QAE-VLC-862,Kaylyn Colebourne,855-111-1568,Kayrne123@email.com
TYN-UXJ-240,Keane Wait,649-618-4642,Keaait123@email.com
BXL-ANS-448,Kelbee Illesley,633-492-6025,Kelley123@email.com
VHT-XCC-594,Kele Bracknell,395-928-8683,Kelell123@email.com
AEG-PNB-277,Kellby Quarterman,921-828-5918,Kelman123@email.com
WWE-MJU-908,Kellina Oates,834-676-1966,Keltes123@email.com
HQZ-YLF-831,Kelsy Schroder,433-385-3718,Kelder123@email.com
QAD-QNP-592,Kelwin Ryle,450-915-5141,Kelyle123@email.com
JUJ-YNA-705,Kenna Lideard,733-991-8630,Kenard123@email.com
GES-AVR-817,Kerri Barnes,718-811-8613,Kernes123@email.com
VSH-DIU-299,Kiersten Dalliwater,415-145-8060,Kieter123@email.com
KPH-CQU-101,Kiley Nare,831-185-1261,Kilare123@email.com
WTQ-ZUB-136,Killy Condie,355-525-9055,Kildie123@email.com
LPO-TTV-658,Kim McCloughlin,375-707-5211,Kimlin123@email.com
PZP-MHS-312,Kimberli Eisenberg,274-881-4125,Kimerg123@email.com
RIC-GVH-195,Kimble Wayvill,929-942-9862,Kimill123@email.com
ETU-MPS-196,King Hillin,836-197-5494,Kinlin123@email.com
PVH-BUS-729,Kipp Coulling,266-244-6537,Kiping123@email.com
BFK-FYG-363,Kissie Gosford,615-706-9940,Kisord123@email.com
EYR-STI-377,Klement Brothwell,730-695-9718,Kleell123@email.com
TGT-BCO-503,Konrad Standering,611-832-9834,Koning123@email.com
BGH-KIA-282,Koo Vinick,975-943-6158,Kooick123@email.com
SGT-ZSD-041,Koral Stampfer,866-891-1918,Korfer123@email.com
QTU-LHQ-049,Kore Smurfit,823-528-5256,Korfit123@email.com
PGI-AGT-128,Korney Buffery,143-549-5729,Korery123@email.com
WVP-VAB-209,Korney O'Carney,299-510-7658,Korney123@email.com
KUE-AWL-678,Krishnah Pearch,135-102-9359,Krirch123@email.com
GID-WFA-636,Kristian Beeken,195-899-5950,Kriken123@email.com
JGI-INK-625,Kristoffer Pales,938-147-7405,Kriles123@email.com
CWH-LYP-760,Kym Lepard,922-780-5421,Kymard123@email.com
CZX-NMO-408,Laina Thurborn,349-552-9701,Laiorn123@email.com
XVX-TVP-212,Lana Boyne,949-525-1279,Lanyne123@email.com
TGL-UDX-454,Lance Cheatle,289-437-9068,Lantle123@email.com
KLB-AFC-236,Laney Fadden,752-428-9683,Landen123@email.com
OJH-TEJ-938,Launce Sowerbutts,588-266-6066,Lautts123@email.com
JIU-QAA-714,Lauralee Beteriss,233-884-9702,Lauiss123@email.com
VPY-IPU-306,Lauri Hughill,549-706-4910,Lauill123@email.com
DKV-XVL-100,Laurianne Diehn,698-718-3643,Lauehn123@email.com
CVW-WSG-334,Laverna Skeermer,495-654-5431,Lavmer123@email.com
QWN-SFO-159,Law Leinweber,773-167-6463,Lawber123@email.com
WLN-HNO-628,Lawrence O'Cahey,196-422-3041,Lawhey123@email.com
DDU-CVJ-051,Leanna Chapelhow,253-816-6513,Leahow123@email.com
FBW-EVJ-487,Leanna Dur,316-521-8887,LeaDur123@email.com
EFA-SBH-330,Lenci McFadzean,992-762-3897,Lenean123@email.com
AQG-IPX-361,Lenore Tabb,960-539-4963,Lenabb123@email.com
MFH-YMD-848,Leonard Fuxman,108-257-9472,Leoman123@email.com
SUC-DJU-401,Leone Klulisek,393-525-2130,Leosek123@email.com
JVI-FXL-598,Leonie Battin,823-522-6422,Leotin123@email.com
XUE-TAL-780,Leonora Tullett,865-945-6917,Leoett123@email.com
VGL-OJQ-532,Les Harmson,394-868-4950,Lesson123@email.com
ASP-WHT-103,Leslie Noden,566-733-8432,Lesden123@email.com
RZG-WAP-040,Lethia Bodechon,900-806-1129,Lethon123@email.com
YHT-YZS-523,Lew Allot,388-278-9868,Lewlot123@email.com
WAA-AJL-582,Lexie Spinetti,575-255-8169,Lextti123@email.com
TYV-AAK-298,Lia Bonar,355-757-2326,Lianar123@email.com
FTH-VKH-346,Liam Downing,100-932-3049,Liaing123@email.com
IZR-SBO-242,Licha Verden,333-256-1237,Licden123@email.com
NHS-LWP-885,Lilian Dislee,184-694-5632,Lillee123@email.com
ROR-QWE-002,Lilyan Schohier,918-332-6639,Lilier123@email.com
HXV-AEN-429,Linc Martynov,739-938-3398,Linnov123@email.com
XPK-KDJ-617,Lind Haggath,384-658-2170,Linath123@email.com
ORP-CGS-346,Linus Greer,541-926-2065,Lineer123@email.com
HBR-NAK-416,Linus Gresham,137-343-1432,Linham123@email.com
BDO-OAG-428,Lise Fegan,812-158-6165,Lisgan123@email.com
FUA-CEW-701,Lisle Scamadin,946-636-8437,Lisdin123@email.com
VLS-KQM-941,Livvyy Grombridge,336-939-2173,Livdge123@email.com
XCD-DTG-722,Locke Janaway,388-930-6836,Locway123@email.com
KQE-YCR-582,Lorette Golsthorp,251-239-5359,Lororp123@email.com
FBN-WQP-527,Lorna Bogart,992-763-6921,Lorart123@email.com
LUH-GPO-581,Lorne Boldry,269-189-7224,Lordry123@email.com
UKR-PKN-187,Lottie Schultheiss,718-146-9501,Lotiss123@email.com
OKO-OCN-271,Lowrance Kleinmintz,257-902-4561,Lowntz123@email.com
ZRH-PMF-663,Lucais Sewards,699-900-2108,Lucrds123@email.com
MZJ-TCI-679,Lucho McGerraghty,414-468-9620,Luchty123@email.com
IWY-QEP-365,Lucilia Sandeman,613-592-9132,Lucman123@email.com
UTE-PNL-491,Lucretia Whyborn,981-377-4171,Lucorn123@email.com
ZSZ-RVA-866,Ludwig Fuxman,225-217-9309,Ludman123@email.com
UZO-AIA-655,Lulu Hastin,247-332-1987,Lultin123@email.com
LOB-BLD-781,Lyndel Rodwell,451-613-4726,Lynell123@email.com
BIN-NSM-446,Lynsey Ludlamme,710-693-9472,Lynmme123@email.com
RIY-KYD-295,Mable Browncey,404-451-7789,Mabcey123@email.com
LWD-ZPV-923,Mack Fabri,900-499-8099,Macbri123@email.com
OPJ-LQR-602,Maddalena Wolfinger,498-421-4486,Madger123@email.com
QIY-VZR-687,Maddie Raw,789-871-4085,MadRaw123@email.com
DZH-AZE-751,Madelin Giacomi,171-702-9336,Madomi123@email.com
GLR-QDK-558,Madlin McGrory,543-403-4675,Madory123@email.com
JYG-YDJ-790,Magdalen Lacheze,824-971-9762,Mageze123@email.com
EIE-WXV-745,Maible Dalgarno,900-107-1907,Mairno123@email.com
QHM-GWD-081,Maighdiln Lamswood,361-620-6466,Maiood123@email.com
RUE-XPO-801,Maisie Matyushkin,829-424-7471,Maikin123@email.com
BUB-GPS-161,Malchy Huddlestone,757-273-9017,Malone123@email.com
YUL-IUY-334,Malina Pengelly,768-270-3247,Mallly123@email.com
GYL-PZC-328,Malinde Blunn,409-480-3823,Malunn123@email.com
UDK-XJX-928,Malinde Firbanks,553-630-3580,Malnks123@email.com
TXO-UTK-896,Mano Abrahamson,788-217-6515,Manson123@email.com
PMM-KDF-523,Manolo Russ,379-193-3200,Manuss123@email.com
IHV-OOO-483,Manuel Gloyens,752-350-8684,Manens123@email.com
XWP-WVH-354,Marcelia Kerswell,196-181-1565,Marell123@email.com
DWZ-VLE-919,Marchelle Annes,829-760-3436,Marnes123@email.com
ICQ-DQG-783,Marcile Meffen,911-854-7339,Marfen123@email.com
VOH-GIE-803,Marena Jacox,272-908-2185,Marcox123@email.com
VGD-LVZ-221,Maressa Fruish,383-573-4376,Marish123@email.com
DSR-SWS-582,Margarette Hobell,698-877-8813,Marell123@email.com
GAV-BGL-333,Margarita Mancktelow,596-768-1383,Marlow123@email.com
UID-GIR-530,Mariann Ibbeson,123-896-6407,Marson123@email.com
QUZ-CIH-722,Marice Leavens,715-286-5043,Marens123@email.com
JXH-JHW-508,Mariel Bourdel,371-902-8685,Mardel123@email.com
SCR-TIQ-723,Marielle Buffey,725-404-1668,Marfey123@email.com
TPX-ZQR-795,Marillin Dennehy,662-481-5549,Marehy123@email.com
WJE-XMV-496,Marillin Tieman,436-207-8215,Marman123@email.com
XKP-LBS-775,Mariquilla Labbe,600-102-3788,Marbbe123@email.com
UDN-SVB-505,Marketa Olman,897-939-8440,Marman123@email.com
SGF-UON-699,Marlo McGeaney,976-184-2008,Marney123@email.com
NJW-TEK-052,Marsh Fransoni,772-672-6617,Maroni123@email.com
ECJ-ZKQ-637,Marsiella Duprey,255-187-4351,Marrey123@email.com
QIX-KTS-665,Mart Malsher,878-384-2979,Marher123@email.com
TWG-OSK-856,Martainn Van Zon,660-754-9490,MarZon123@email.com
HMX-ZVV-311,Mary Demangel,406-632-3851,Margel123@email.com
YXL-IOY-862,Mary Jellett,542-932-7837,Marett123@email.com
FOA-DOX-208,Maryellen Gligori,151-623-9189,Marori123@email.com
FXD-PEW-857,Maryjo Strangwood,930-186-5323,Marood123@email.com
VUX-INM-865,Marys Offen,455-622-4050,Marfen123@email.com
FRI-FHQ-103,Mateo Wightman,844-384-7260,Matman123@email.com
UDX-TNC-535,Mathew Groucutt,651-974-7037,Matutt123@email.com
SCY-DYK-170,Mattie Brenston,369-407-2835,Matton123@email.com
TJS-TES-466,Mattie Winyard,645-881-9867,Matard123@email.com
CQC-DUS-666,Maybelle Bellows,286-506-9161,Mayows123@email.com
ADG-AAI-308,Meg Reburn,531-191-5407,Megurn123@email.com
UNH-XHW-923,Megan Beddows,619-817-9043,Megows123@email.com
EWN-RXQ-242,Mei Scrogges,224-941-7426,Meiges123@email.com
WML-VYM-441,Melesa Halahan,146-923-7901,Melhan123@email.com
QVG-NNF-390,Melessa Lecordier,277-801-7048,Melier123@email.com
DRU-CHR-880,Melicent Gieves,320-919-8808,Melves123@email.com
TVO-QIY-148,Melinda O'Brogan,450-689-9114,Melgan123@email.com
SSB-SPN-426,Melisandra Mungham,672-164-5293,Melham123@email.com
UPP-JOI-219,Melisent Claessens,177-685-7243,Melens123@email.com
WBU-KDB-206,Melisse Southeran,696-244-5563,Melran123@email.com
QLS-GOR-898,Melita Drinkale,474-288-3740,Melale123@email.com
URH-JKG-200,Mellicent Philliphs,882-917-8068,Melphs123@email.com
SWH-ALU-381,Melloney Schimke,569-724-1321,Melmke123@email.com
QQV-IDL-926,Melodee Gartshore,970-700-5074,Melore123@email.com
CTV-OII-200,Merill Leyninye,737-553-8573,Mernye123@email.com
ZKZ-MTO-515,Merlina Lermit,116-708-6996,Mermit123@email.com
XUM-SZM-411,Merrill Baudon,113-131-4253,Merdon123@email.com
LXL-COB-735,Merrill Sawford,744-419-4445,Merord123@email.com
XYI-UIE-063,Merwin Pikhno,490-239-2015,Merhno123@email.com
KTE-ZUG-886,Michaela Babcock,262-827-3099,Micock123@email.com
DRC-FCS-329,Mickie Alred,504-179-2613,Micred123@email.com
DBP-EUC-832,Mignonne Shepland,661-673-5272,Migand123@email.com
WIR-QRG-232,Mikael O'Keevan,890-975-7392,Mikvan123@email.com
DQL-VFN-275,Mill Lambell,317-649-9274,Milell123@email.com
AKJ-FGF-377,Miquela Dutnell,436-706-7098,Miqell123@email.com
SGX-DXC-406,Mirilla Barff,387-313-4498,Mirrff123@email.com
WOW-KVL-792,Mirna Rosita,850-228-4186,Mirita123@email.com
JEE-VUN-311,Mitzi De Mico,894-575-1795,Mitico123@email.com
LBJ-HNU-017,Moishe Constant,743-379-6923,Moiant123@email.com
GHC-LRA-474,Mona Rudwell,627-164-6858,Monell123@email.com
QPW-AUP-540,Monique Fry,988-263-5446,MonFry123@email.com
PBR-NNW-405,Montgomery Spileman,518-820-9396,Monman123@email.com
QIY-UJB-908,Morganne Brecknell,792-607-1254,Morell123@email.com
LWV-PJP-713,Mureil Codman,169-938-9917,Murman123@email.com
XGB-NYJ-289,Myra Zaczek,446-291-5444,Myrzek123@email.com
USS-YQA-876,Nadean Elves,508-409-4587,Nadves123@email.com
WBI-HVK-215,Nadine Cudbird,447-275-8308,Nadird123@email.com
QAA-TPL-803,Nancy Rollinshaw,145-356-4107,Nanhaw123@email.com
CVL-MGE-912,Natala Stobbe,785-425-1203,Natbbe123@email.com
ZZG-PUC-289,Natasha Cool,531-865-1807,Natool123@email.com
BCY-QLU-407,Nathanil Eykel,372-925-9782,Natkel123@email.com
RTI-WPU-693,Natka Featenby,192-132-4476,Natnby123@email.com
GEG-OPP-959,Natty Murt,884-695-3330,Naturt123@email.com
FXS-EXE-321,Neely Frankcomb,203-739-4733,Neeomb123@email.com
RZD-PRZ-600,Nelie Cleare,601-230-6776,Nelare123@email.com
EPY-JMU-867,Nels Hargreaves,581-349-3718,Nelves123@email.com
DAL-MZF-576,Nels Ordish,147-646-4868,Nelish123@email.com
ISB-BNR-138,Nertie Igglesden,300-458-5752,Nerden123@email.com
CRW-PKZ-127,Nerty Green,401-931-2627,Nereen123@email.com
OQZ-EWN-444,Nessie Wheal,504-986-2095,Neseal123@email.com
FVG-TKA-021,Nev Bompas,169-286-7184,Nevpas123@email.com
LYB-BXD-778,Nickolai Balmer,956-755-2678,Nicmer123@email.com
KSQ-CEJ-818,Nicole Linnit,174-896-4945,Nicnit123@email.com
NWK-OQC-076,Niles MacMenamy,311-284-1049,Nilamy123@email.com
JKH-ZVL-675,Nita Vannacci,518-661-7870,Nitcci123@email.com
NNH-EDV-701,Noby Torvey,450-227-7643,Nobvey123@email.com
AMQ-GAO-960,Noel Ladley,315-753-9354,Noeley123@email.com
LJK-BBH-435,Noni Quickenden,281-895-7378,Nonden123@email.com
TPM-MTW-708,Norby Foord,295-181-5303,Norord123@email.com
YAJ-HKG-791,Obidiah Zanicchi,428-248-8613,Obichi123@email.com
OZS-OZG-301,Odilia Bockett,236-335-8256,Odiett123@email.com
OBG-LGV-699,Ogdon Petr,212-728-7629,Ogdetr123@email.com
LVR-YHT-265,Olive Jeannon,158-454-5455,Olinon123@email.com
IWA-DNS-135,Olly Dobbinson,966-304-4955,Ollson123@email.com
DGT-XFQ-493,Ondrea Keyser,273-570-7702,Ondser123@email.com
CQH-IHD-484,Onfroi Kornyakov,814-317-3980,Onfkov123@email.com
CRB-SMW-687,Orel Gawthrope,346-423-8176,Oreope123@email.com
MFZ-WQE-388,Othella Flood,513-500-1406,Othood123@email.com
BXB-ZHQ-458,Pablo Dracksford,175-934-5426,Pabord123@email.com
IGO-AHU-821,Paco Towersey,673-200-9611,Pacsey123@email.com
AMS-FVB-417,Paddie Tellenbrok,392-410-1668,Padrok123@email.com
YAX-DPF-216,Padraic Zanutti,213-581-2689,Padtti123@email.com
FMT-FYA-182,Pail Duignan,553-120-9681,Painan123@email.com
JHY-RRH-315,Paloma Spellar,422-308-2602,Pallar123@email.com
GON-OUG-347,Paton Fritzer,592-316-6375,Patzer123@email.com
TDE-ZQT-772,Patrizia Kunrad,241-242-7526,Patrad123@email.com
RGB-RTM-622,Paulie Lemerle,905-971-6850,Paurle123@email.com
JPT-EKJ-923,Pauline Danihelka,706-979-9106,Paulka123@email.com
ZFK-YLM-476,Paxon Jeffcoat,188-790-8321,Paxoat123@email.com
CZD-MEJ-036,Payton Rissen,990-609-6825,Paysen123@email.com
VCH-EOF-095,Peggie Biddles,413-783-1711,Pegles123@email.com
QIY-GWF-772,Pen Pruce,751-565-5247,Penuce123@email.com
THZ-YJM-085,Perrine Scalera,685-109-3881,Perera123@email.com
NXH-MMD-527,Persis Chipchase,893-947-3171,Perase123@email.com
FQX-HLX-701,Pete Morden,678-870-1982,Petden123@email.com
GQJ-LTG-938,Petronille Scrimgeour,267-848-7991,Petour123@email.com
YSI-RUX-967,Petronille Southwood,556-236-9893,Petood123@email.com
IYJ-GKD-465,Phil Schapero,194-601-5964,Phiero123@email.com
VVB-AFV-327,Phillipe Ropartz,995-258-9913,Phirtz123@email.com
IDO-KAD-274,Phillis Denley,732-744-6762,Philey123@email.com
QPW-SWM-560,Philomena Petracchi,983-136-7909,Phichi123@email.com
VQN-BOX-495,Pierson Baal,824-212-4491,Pieaal123@email.com
KCW-ICP-365,Pietra Dibdall,117-187-2462,Pieall123@email.com
NAD-FVC-468,Pietra Paute,546-554-3449,Pieute123@email.com
XAE-IYR-882,Pincas Stearn,726-417-1933,Pinarn123@email.com
NKJ-EEJ-418,Polly Murton,872-983-5642,Polton123@email.com
BPK-DZA-948,Porty Auston,571-608-2186,Porton123@email.com
MRU-GUC-487,Prudence Eastlake,721-819-8754,Pruake123@email.com
JYC-CWV-013,Purcell Eyer,834-522-2581,Puryer123@email.com
BKD-VPQ-553,Quinn Stamps,453-598-5471,Quimps123@email.com
YPP-XCW-392,Quintus Parcells,103-893-7901,Quills123@email.com
SLT-BQU-955,Rafferty Guyonneau,273-766-6899,Rafeau123@email.com
JMY-URR-633,Ram Chaudhry,410-477-2514,Ramhry123@email.com
CRP-DWI-611,Ram Sinclaire,437-602-9665,Ramire123@email.com
XBN-VUY-108,Rana Rait,776-962-9851,Ranait123@email.com
XDK-WKC-965,Rania Gerritsma,417-274-7655,Ransma123@email.com
FBS-QVP-071,Raquel Borham,365-982-1831,Raqham123@email.com
DNJ-UOC-706,Raven Cawkwell,103-910-4849,Ravell123@email.com
BDH-WIC-082,Ravid Josephsen,879-581-5473,Ravsen123@email.com
IWB-VJZ-945,Raye Fyldes,784-541-9681,Raydes123@email.com
LCT-JOC-237,Raye Rossant,866-644-5970,Rayant123@email.com
OXI-PSY-920,Raymond Cranage,644-754-4879,Rayage123@email.com
MRQ-IHB-851,Rayna Strathearn,770-696-5681,Rayarn123@email.com
UWZ-VQJ-540,Rayner Lukianovich,664-905-5396,Rayich123@email.com
FID-EXW-715,Read Trusty,963-965-8463,Reasty123@email.com
RXN-ZXG-843,Red Nordass,897-236-8800,Redass123@email.com
XRR-AZJ-873,Reg Lepper,605-222-8490,Regper123@email.com
BZA-XHR-801,Reggie Hallaways,606-759-3460,Regays123@email.com
IEI-UFR-900,Reginauld Kelemen,375-327-6633,Regmen123@email.com
AOD-PMR-618,Reilly Domonkos,315-513-2669,Reikos123@email.com
HHL-ZBQ-694,Renard Crispin,597-156-3617,Renpin123@email.com
WHX-TQC-552,Renata Vlach,872-541-4769,Renach123@email.com
EGA-KGU-697,Renato Paulin,806-645-6298,Renlin123@email.com
XHB-PIX-294,Rene Clements,590-563-9964,Rennts123@email.com
AVA-CMB-966,Rene Garn,535-427-5862,Renarn123@email.com
HYU-QSQ-844,Reta Leipoldt,678-722-5699,Retldt123@email.com
YYS-WML-368,Reuben Iannello,480-187-8439,Reullo123@email.com
ENP-UPR-746,Rhetta Nevill,801-364-9438,Rheill123@email.com
VEN-SJD-356,Rhody Dobbin,116-652-1396,Rhobin123@email.com
VGU-PRC-945,Riccardo Jahner,518-720-7914,Ricner123@email.com
IIA-DHA-509,Richie Brydson,124-858-7993,Ricson123@email.com
OUJ-YYY-722,Rici Bollin,355-971-3738,Riclin123@email.com
KQZ-KYN-625,Riley Curnnok,909-794-2134,Rilnok123@email.com
BKZ-ZXY-074,Riordan Wormald,359-360-2271,Rioald123@email.com
EJY-RNS-836,Rivi Bowart,611-447-9976,Rivart123@email.com
LPG-QCE-847,Roanna Safont,775-793-5705,Roaont123@email.com
BFV-CBE-637,Robbin Shottin,392-248-4183,Robtin123@email.com
YYG-RDT-214,Roch Panchen,968-836-7984,Rochen123@email.com
XON-VEB-582,Roddie Winterbotham,848-512-7694,Rodham123@email.com
SSF-GDZ-201,Rodrigo D'Alessio,596-236-2027,Rodsio123@email.com
TYH-VXJ-375,Roi Critzen,684-855-4099,Roizen123@email.com
OKT-BHU-942,Rooney Milbourne,157-430-9956,Roorne123@email.com
WYR-NPN-168,Roosevelt Grigg,556-237-9573,Rooigg123@email.com
UQB-JTJ-363,Rorie Colicot,749-933-5216,Rorcot123@email.com
IQU-HJU-992,Rosaleen Ionnisian,120-439-8608,Rosian123@email.com
YUF-UEZ-500,Rosanne Zorzutti,699-351-3704,Rostti123@email.com
POT-JHC-763,Roth Cousans,142-540-5411,Rotans123@email.com
XHZ-ZRR-838,Row Colchett,624-936-1180,Rowett123@email.com
OFU-BOU-801,Rowena Santori,203-936-2698,Rowori123@email.com
LJJ-DGZ-990,Roxana Dicte,490-682-4987,Roxcte123@email.com
EWK-LOM-028,Roxine Humphries,711-970-5910,Roxies123@email.com
SVC-NYA-828,Rubin Ind,197-974-4169,RubInd123@email.com
MKC-PAH-012,Rudolph Brozek,573-189-3415,Rudzek123@email.com
YYK-WPQ-730,Ryley McKillop,240-476-1094,Ryllop123@email.com
FZE-JHY-920,Sabina Corneille,287-991-9759,Sablle123@email.com
YPO-SNU-814,Sabra Calbreath,442-215-2990,Sabath123@email.com
EZY-TSY-302,Sabra Corry,974-451-2334,Sabrry123@email.com
KEM-ZTI-660,Salem Morgen,980-565-5128,Salgen123@email.com
JTY-LTM-973,Salvidor Francesch,562-659-8362,Salsch123@email.com
AXY-UBF-564,Sander Maloney,437-412-2723,Sanney123@email.com
KOZ-GWI-280,Sandor Barradell,104-334-7296,Sanell123@email.com
QDB-PVT-635,Sandy Rubinowicz,437-526-2371,Sanicz123@email.com
NQQ-ACE-339,Saul Parsonage,585-245-6282,Sauage123@email.com
QSL-YYN-223,Saw Aspenlon,375-984-7229,Sawlon123@email.com
DYS-TYQ-870,Sayer Goudman,378-899-6364,Sayman123@email.com
BSI-JLK-437,Schuyler Walewski,340-229-4956,Schski123@email.com
URF-BWA-994,Seamus Hearl,303-375-9285,Seaarl123@email.com
CFN-CVM-751,Selena Relton,880-506-2538,Selton123@email.com
TEE-UBS-045,Selia Grigoroni,795-788-9952,Seloni123@email.com
GAU-XZP-910,Serena Yerby,898-192-3299,Serrby123@email.com
BUF-UVA-551,Serene Steadman,631-441-5826,Serman123@email.com
YEC-GJY-167,Shanan Mingay,161-189-6794,Shagay123@email.com
GAY-EVO-065,Shandeigh Andreas,661-507-2872,Shaeas123@email.com
AUD-TNJ-586,Shandy Sefton,497-834-1353,Shaton123@email.com
GMT-VFM-872,Shannon Osban,513-743-8717,Shaban123@email.com
KUM-OQW-344,Sharai MacMenamin,415-974-3159,Shamin123@email.com
CHH-GAX-334,Sharon Lazare,769-503-5418,Shaare123@email.com
FVI-LWI-330,Sheela Stein,933-377-3572,Sheein123@email.com
CIL-ODR-486,Sheffield Turbitt,161-437-4004,Sheitt123@email.com
FJE-MXU-313,Sheilah Maestro,282-447-5103,Shetro123@email.com
LPX-XBZ-983,Shelbi Grishakov,740-377-4767,Shekov123@email.com
DSB-BXJ-717,Shell Oldis,147-341-4696,Shedis123@email.com
SHX-AAA-260,Sherilyn Ilewicz,901-123-2681,Sheicz123@email.com
FXS-HEE-419,Sherm Probat,849-794-4030,Shebat123@email.com
YFP-MUV-637,Sherye Christmas,444-678-8117,Shemas123@email.com
RLI-BAQ-195,Sibley Rodder,857-968-7600,Sibder123@email.com
YRH-LVU-886,Sibyl Cuphus,458-852-9147,Sibhus123@email.com
NPJ-BOU-264,Sid Oultram,645-371-6055,Sidram123@email.com
LDO-LCB-153,Silas Asson,781-213-3657,Silson123@email.com
VUW-IRU-150,Silva Addy,685-151-5648,Silddy123@email.com
JJB-NKK-158,Sinclare Milburne,598-622-9737,Sinrne123@email.com
RNQ-OYE-342,Sindee Drynan,555-291-6218,Sinnan123@email.com
VKF-GAU-475,Skipp Lowater,879-721-3921,Skiter123@email.com
AII-QHV-786,Skippy McIlwain,728-562-6251,Skiain123@email.com
KPZ-TFC-040,Sly Fullwood,940-317-5791,Slyood123@email.com
TDM-VET-238,Sol Hynam,596-907-6534,Solnam123@email.com
QLZ-SXP-730,Son Hurworth,473-469-2114,Sonrth123@email.com
MIA-ASJ-923,Sophey Garling,995-309-4102,Soping123@email.com
VTP-ALM-108,Sorcha Beesley,844-463-1134,Sorley123@email.com
FLN-HZA-580,Spenser Wandless,456-640-8019,Speess123@email.com
VAP-FLQ-340,Staci Coppens,867-999-9557,Staens123@email.com
WQZ-HRO-633,Stan Clethro,889-523-8742,Stahro123@email.com
VLE-HAN-076,Steffane Karpol,390-312-6606,Stepol123@email.com
YXA-OOW-101,Steffie Slemmonds,751-555-2218,Stends123@email.com
NJI-KFP-741,Stephanie Uman,648-183-3838,Steman123@email.com
SNJ-JMN-282,Stephi Broose,194-252-9484,Steose123@email.com
JYE-PXB-420,Sterne Salterne,166-986-2112,Sterne123@email.com
RHR-VGZ-566,Steven Cornbell,463-505-6504,Steell123@email.com
GOF-LKE-557,Steward Doyland,383-722-5201,Steand123@email.com
WTA-NBB-459,Steward Lavies,289-934-8186,Steies123@email.com
XWR-MRT-910,Steward Pettinger,105-849-6866,Steger123@email.com
DSQ-ABX-358,Stewart Keppe,429-705-5180,Steppe123@email.com
GDF-TZW-875,Stirling Santry,559-497-4921,Stitry123@email.com
RLS-XHY-251,Stormi Duddin,732-124-5684,Stodin123@email.com
WWG-SIQ-601,Sue Fargie,361-273-3808,Suegie123@email.com
FOM-HIN-635,Sue Voyce,175-904-8438,Sueyce123@email.com
SBI-DQS-313,Sullivan Eddoes,396-236-5977,Suloes123@email.com
SZS-VDW-761,Sully Cunney,467-523-6653,Sulney123@email.com
TGF-UWX-440,Susette O'Neil,119-888-3421,Suseil123@email.com
RID-FTB-665,Susie Torrisi,176-587-2521,Susisi123@email.com
RWI-MLK-894,Tabbie Conboy,633-112-8730,Tabboy123@email.com
YND-ZRY-183,Taffy Shipcott,877-519-2012,Tafott123@email.com
LYA-IMP-555,Tamarah Filasov,748-332-9103,Tamsov123@email.com
RVD-YIC-654,Tamma Clink,546-194-9888,Tamink123@email.com
XAS-YBN-800,Tammara Burgyn,505-124-8341,Tamgyn123@email.com
IGQ-KWR-517,Tanner Garner,662-540-6527,Tanner123@email.com
KSG-SNP-958,Tasia Fautly,303-763-1131,Tastly123@email.com
WDW-DXN-621,Tatiania O'Crigane,311-286-1217,Tatane123@email.com
TQW-GAJ-868,Tera Stockdale,575-355-7650,Terale123@email.com
HPJ-GUF-488,Terencio Loche,591-556-6791,Terche123@email.com
XBG-EVQ-590,Teriann Olivari,231-204-5118,Terari123@email.com
JPG-OGD-396,Terry Iannitti,942-265-2024,Tertti123@email.com
AVY-PVB-654,Terrye Littlechild,677-864-8425,Terild123@email.com
IJE-CXR-802,Tersina Wolfer,990-693-9010,Terfer123@email.com
ZHG-XCI-174,Theadora Huetson,368-880-5797,Theson123@email.com
STL-FZA-749,Theda Jagoe,299-771-4296,Thegoe123@email.com
AIU-QXH-901,Thorin Jolliman,760-784-3786,Thoman123@email.com
XER-KJK-391,Thorny Westrip,287-656-8995,Thorip123@email.com
USH-SDZ-917,Tiertza Doogan,329-238-3162,Tiegan123@email.com
FWH-VET-944,Tiffani Halstead,225-834-3551,Tifead123@email.com
WIC-ASB-116,Tildy Shanks,126-635-7068,Tilnks123@email.com
JIJ-VZA-844,Tiler Kenrack,457-474-2258,Tilack123@email.com
ZHF-XKH-776,Titos Edgcumbe,765-767-8142,Titmbe123@email.com
AKH-NHZ-867,Todd Riglesford,743-375-4788,Todord123@email.com
KDE-HEC-465,Tommi Durham,547-790-4212,Tomham123@email.com
NUJ-LFK-436,Tony Crabtree,775-694-1728,Tonree123@email.com
JXY-YIW-664,Torr Windrus,912-619-3357,Torrus123@email.com
FGC-BKY-388,Tove Jaquest,785-795-2268,Tovest123@email.com
HAW-TMF-189,Tricia Bellsham,543-472-4238,Triham123@email.com
OLH-CES-263,Trixy Southwick,991-249-8434,Triick123@email.com
MLC-UYY-549,Tyson Gahagan,930-936-9856,Tysgan123@email.com
TBH-ESJ-478,Ulberto Alyutin,459-285-6028,Ulbtin123@email.com
VHA-DXG-143,Uriel Grooby,162-767-5284,Urioby123@email.com
JGK-BZW-043,Vale Norwood,771-315-4470,Valood123@email.com
UVO-LDO-909,Valerye Phorsby,190-379-9051,Valsby123@email.com
KSC-UIR-298,Valida Greenhill,991-638-1397,Valill123@email.com
BWU-IZF-228,Valma Brideau,746-735-6302,Valeau123@email.com
NTT-LQP-390,Vania Gilding,253-634-9053,Vaning123@email.com
TJW-CNR-402,Vaughan Gorch,310-258-9026,Vaurch123@email.com
CQF-GKV-089,Veradis Tiddy,639-536-9390,Verddy123@email.com
OAV-AFW-069,Verena Garman,312-555-8646,Verman123@email.com
YFN-NUE-879,Verene Beatens,483-578-3697,Verens123@email.com
TIW-BEF-266,Veronique Caramuscia,824-419-6304,Vercia123@email.com
JUU-QAS-792,Vincent Boarer,984-135-6019,Vinrer123@email.com
IZS-EBT-963,Virgie Belhomme,867-667-2553,Virmme123@email.com
DTD-XID-037,Virginie Lammas,304-931-4954,Virmas123@email.com
TYU-GIA-752,Virginie McGrey,975-671-4347,Virrey123@email.com
ZLR-EXK-760,Viva Foulstone,162-660-4155,Vivone123@email.com
GFY-JGY-314,Vivie Twinning,155-824-9103,Viving123@email.com
IWF-AUK-789,Viviyan Lantiff,941-283-9855,Viviff123@email.com
GAK-AFP-100,Wakefield Strotton,369-435-2649,Wakton123@email.com
OJQ-QIJ-491,Waldo Tomkiss,546-633-9094,Waliss123@email.com
VZS-LCT-953,Walther Rablin,946-744-9846,Wallin123@email.com
MWN-RQX-198,Wanda Ramas,354-724-4566,Wanmas123@email.com
TFF-CJS-906,Wandie Yeeles,744-943-6395,Wanles123@email.com
FWP-TEJ-541,Waylan Grieve,215-919-5226,Wayeve123@email.com
HZA-DLE-572,Web O'Howbane,434-889-8875,Webane123@email.com
UWT-KUR-880,Webster Lomax,109-228-4796,Webmax123@email.com
RNV-EZU-882,Wenona MacGinlay,297-421-1391,Wenlay123@email.com
NDA-WQM-123,Westbrooke Blindt,686-602-1936,Wesndt123@email.com
DVV-AJJ-894,Weston Dearden,298-142-3285,Wesden123@email.com
NVL-GIX-672,Wilek Ivanyushkin,736-840-8177,Wilkin123@email.com
PQD-DZC-990,Willa Wethered,370-272-7684,Wilred123@email.com
LVG-OWM-682,Willi Voce,616-829-2578,Wiloce123@email.com
MCE-FYO-471,Willow Burmingham,405-442-9048,Wilham123@email.com
LJI-JXP-333,Windham Meekin,301-456-3465,Winkin123@email.com
XIQ-KUE-884,Winn Raynes,562-405-5105,Winnes123@email.com
SZT-AOI-309,Winnah Laye,403-451-3312,Winaye123@email.com
EFZ-LOU-928,Worth Laweles,422-351-8114,Worles123@email.com
TCP-UXG-066,Wyn Attwoull,136-172-4628,Wynull123@email.com
OQS-KYD-393,Wynnie Feronet,991-145-2136,Wynnet123@email.com
ZNG-MVR-443,Ximenes Carnachen,256-433-8012,Ximhen123@email.com
AJS-LWB-506,Ximenez Meredith,400-882-2566,Ximith123@email.com
IGM-OWY-891,Xymenes Hands,598-190-7475,Xymnds123@email.com
OIY-ROS-516,Yankee Penright,717-166-9075,Yanght123@email.com
RBV-MMS-081,Ynez Hows,824-163-2916,Yneows123@email.com
UXU-GVV-199,Yorgo Muzzillo,486-754-3997,Yorllo123@email.com
LXE-BTF-610,Yorgos BoHlingolsen,828-146-8248,Yorsen123@email.com
VVU-DJD-718,Yorgos Staite,909-909-3922,Yorite123@email.com
ZFY-CXW-199,Yvon Chasmor,737-602-6435,Yvomor123@email.com
NAD-GFD-294,Zach Bondley,132-978-6388,Zacley123@email.com
NRC-LCE-412,Zebedee Spafford,130-210-4245,Zebord123@email.com
WAW-AQH-183,Zena Todari,399-506-8395,Zenari123@email.com
CGV-WLN-765,Zita Coldbath,574-595-5448,Zitath123@email.com
FIH-ZFU-014,Zolly Heinzel,652-559-3842,Zolzel123@email.com
VCA-CZY-035,Zora Hanalan,402-556-6439,Zorlan123@email.com
LRJ-DAR-837,Zorana Diggin,523-569-5090,Zorgin123@email.com
CKJ-XPP-949,Zorine Delacourt,286-526-9718,Zorurt123@email.com
